{
  "accuracy": 0.8244047619047619,
  "precision": 0.8114285714285714,
  "recall": 0.8452380952380952,
  "f1": 0.8279883381924198,
  "roc_auc": 0.8868339002267572,
  "pr_auc": 0.8765843790297032,
  "tn": 135,
  "fp": 33,
  "fn": 26,
  "tp": 142,
  "threshold": 0.45
}